zip,city,state,county,timezone
00601,Adjuntas,Puerto Rico,Adjuntas,America/Puerto_Rico
00602,Aguada,Puerto Rico,Aguada,America/Puerto_Rico
00603,Aguadilla,Puerto Rico,Aguadilla,America/Puerto_Rico
00606,Maricao,Puerto Rico,Maricao,America/Puerto_Rico
00610,Anasco,Puerto Rico,Aasco,America/Puerto_Rico
00611,Angeles,Puerto Rico,Utuado,America/Puerto_Rico
00612,Arecibo,Puerto Rico,Arecibo,America/Puerto_Rico
00616,Bajadero,Puerto Rico,Arecibo,America/Puerto_Rico
00617,Barceloneta,Puerto Rico,Barceloneta,America/Puerto_Rico
00622,Boqueron,Puerto Rico,Cabo Rojo,America/Puerto_Rico
00623,Cabo Rojo,Puerto Rico,Cabo Rojo,America/Puerto_Rico
00624,Penuelas,Puerto Rico,Peuelas,America/Puerto_Rico
00627,Camuy,Puerto Rico,Camuy,America/Puerto_Rico
00631,Castaner,Puerto Rico,Lares,America/Puerto_Rico
00636,Rosario,Puerto Rico,San Germn,America/Puerto_Rico
00637,Sabana Grande,Puerto Rico,Sabana Grande,America/Puerto_Rico
00638,Ciales,Puerto Rico,Ciales,America/Puerto_Rico
00641,Utuado,Puerto Rico,Utuado,America/Puerto_Rico
00646,Dorado,Puerto Rico,Dorado,America/Puerto_Rico
00647,Ensenada,Puerto Rico,Gunica,America/Puerto_Rico
00650,Florida,Puerto Rico,Florida,America/Puerto_Rico
00652,Garrochales,Puerto Rico,Arecibo,America/Puerto_Rico
00653,Guanica,Puerto Rico,Gunica,America/Puerto_Rico
00656,Guayanilla,Puerto Rico,Guayanilla,America/Puerto_Rico
00659,Hatillo,Puerto Rico,Hatillo,America/Puerto_Rico
00660,Hormigueros,Puerto Rico,Hormigueros,America/Puerto_Rico
00662,Isabela,Puerto Rico,Isabela,America/Puerto_Rico
00664,Jayuya,Puerto Rico,Jayuya,America/Puerto_Rico
00667,Lajas,Puerto Rico,Lajas,America/Puerto_Rico
00669,Lares,Puerto Rico,Lares,America/Puerto_Rico
00670,Las Marias,Puerto Rico,Las Maras,America/Puerto_Rico
00674,Manati,Puerto Rico,Manat,America/Puerto_Rico
00676,Moca,Puerto Rico,Moca,America/Puerto_Rico
00677,Rincon,Puerto Rico,Rincn,America/Puerto_Rico
00678,Quebradillas,Puerto Rico,Quebradillas,America/Puerto_Rico
00680,Mayaguez,Puerto Rico,Mayagez,America/Puerto_Rico
00682,Mayaguez,Puerto Rico,Mayagez,America/Puerto_Rico
00683,San German,Puerto Rico,San Germn,America/Puerto_Rico
00685,San Sebastian,Puerto Rico,San Sebastin,America/Puerto_Rico
00687,Morovis,Puerto Rico,Morovis,America/Puerto_Rico
00688,Sabana Hoyos,Puerto Rico,Arecibo,America/Puerto_Rico
00690,San Antonio,Puerto Rico,Aguadilla,America/Puerto_Rico
00692,Vega Alta,Puerto Rico,Vega Alta,America/Puerto_Rico
00693,Vega Baja,Puerto Rico,Vega Baja,America/Puerto_Rico
00694,Vega Baja,Puerto Rico,Vega Baja,America/Puerto_Rico
00698,Yauco,Puerto Rico,Yauco,America/Puerto_Rico
00703,Aguas Buenas,Puerto Rico,Aguas Buenas,America/Puerto_Rico
00704,Aguirre,Puerto Rico,Salinas,America/Puerto_Rico
00705,Aibonito,Puerto Rico,Aibonito,America/Puerto_Rico
00707,Maunabo,Puerto Rico,Maunabo,America/Puerto_Rico
00714,Arroyo,Puerto Rico,Arroyo,America/Puerto_Rico
00715,Mercedita,Puerto Rico,Ponce,America/Puerto_Rico
00716,Ponce,Puerto Rico,Ponce,America/Puerto_Rico
00717,Ponce,Puerto Rico,Ponce,America/Puerto_Rico
00718,Naguabo,Puerto Rico,Naguabo,America/Puerto_Rico
00719,Naranjito,Puerto Rico,Naranjito,America/Puerto_Rico
00720,Orocovis,Puerto Rico,Orocovis,America/Puerto_Rico
00723,Patillas,Puerto Rico,Patillas,America/Puerto_Rico
00725,Caguas,Puerto Rico,Caguas,America/Puerto_Rico
00727,Caguas,Puerto Rico,Caguas,America/Puerto_Rico
00728,Ponce,Puerto Rico,Ponce,America/Puerto_Rico
00729,Canovanas,Puerto Rico,Canvanas,America/Puerto_Rico
00730,Ponce,Puerto Rico,Ponce,America/Puerto_Rico
00731,Ponce,Puerto Rico,Ponce,America/Puerto_Rico
00735,Ceiba,Puerto Rico,Ceiba,America/Puerto_Rico
00736,Cayey,Puerto Rico,Cayey,America/Puerto_Rico
00738,Fajardo,Puerto Rico,Fajardo,America/Puerto_Rico
00739,Cidra,Puerto Rico,Cidra,America/Puerto_Rico
00740,Puerto Real,Puerto Rico,Fajardo,America/Puerto_Rico
00741,Punta Santiago,Puerto Rico,Humacao,America/Puerto_Rico
00745,Rio Grande,Puerto Rico,Ro Grande,America/Puerto_Rico
00751,Salinas,Puerto Rico,Salinas,America/Puerto_Rico
00754,San Lorenzo,Puerto Rico,San Lorenzo,America/Puerto_Rico
00757,Santa Isabel,Puerto Rico,Santa Isabel,America/Puerto_Rico
00765,Vieques,Puerto Rico,Vieques,America/Puerto_Rico
00766,Villalba,Puerto Rico,Villalba,America/Puerto_Rico
00767,Yabucoa,Puerto Rico,Yabucoa,America/Puerto_Rico
00769,Coamo,Puerto Rico,Coamo,America/Puerto_Rico
00771,Las Piedras,Puerto Rico,Las Piedras,America/Puerto_Rico
00772,Loiza,Puerto Rico,Loza,America/Puerto_Rico
00773,Luquillo,Puerto Rico,Luquillo,America/Puerto_Rico
00775,Culebra,Puerto Rico,Culebra,America/Puerto_Rico
00777,Juncos,Puerto Rico,Juncos,America/Puerto_Rico
00778,Gurabo,Puerto Rico,Gurabo,America/Puerto_Rico
00780,Coto Laurel,Puerto Rico,Ponce,America/Puerto_Rico
00782,Comerio,Puerto Rico,Comero,America/Puerto_Rico
00783,Corozal,Puerto Rico,Corozal,America/Puerto_Rico
00784,Guayama,Puerto Rico,Guayama,America/Puerto_Rico
00786,La Plata,Puerto Rico,Aibonito,America/Puerto_Rico
00791,Humacao,Puerto Rico,Humacao,America/Puerto_Rico
00794,Barranquitas,Puerto Rico,Barranquitas,America/Puerto_Rico
00795,Juana Diaz,Puerto Rico,Juana Daz,America/Puerto_Rico
00802,St Thomas,Virgin Islands,St. Thomas,America/St_Thomas
00820,Christiansted,Virgin Islands,St. Croix,America/St_Thomas
00830,St John,Virgin Islands,St. John,America/St_Thomas
00840,Frederiksted,Virgin Islands,St. Croix,America/St_Thomas
00850,Kingshill,Virgin Islands,St. Croix,America/St_Thomas
00851,Kingshill,Virgin Islands,St. Croix,America/St_Thomas
00901,San Juan,Puerto Rico,San Juan,America/Puerto_Rico
00906,San Juan,Puerto Rico,San Juan,America/Puerto_Rico
00907,San Juan,Puerto Rico,San Juan,America/Puerto_Rico
00909,San Juan,Puerto Rico,San Juan,America/Puerto_Rico
00911,San Juan,Puerto Rico,San Juan,America/Puerto_Rico
00912,San Juan,Puerto Rico,San Juan,America/Puerto_Rico
00913,San Juan,Puerto Rico,San Juan,America/Puerto_Rico
00915,San Juan,Puerto Rico,San Juan,America/Puerto_Rico
00917,San Juan,Puerto Rico,San Juan,America/Puerto_Rico
00918,San Juan,Puerto Rico,San Juan,America/Puerto_Rico
00920,San Juan,Puerto Rico,San Juan,America/Puerto_Rico
00921,San Juan,Puerto Rico,San Juan,America/Puerto_Rico
00923,San Juan,Puerto Rico,San Juan,America/Puerto_Rico
00924,San Juan,Puerto Rico,San Juan,America/Puerto_Rico
00925,San Juan,Puerto Rico,San Juan,America/Puerto_Rico
00926,San Juan,Puerto Rico,San Juan,America/Puerto_Rico
00927,San Juan,Puerto Rico,San Juan,America/Puerto_Rico
00934,Fort Buchanan,Puerto Rico,Guaynabo,America/Puerto_Rico
00949,Toa Baja,Puerto Rico,Toa Baja,America/Puerto_Rico
00950,Toa Baja,Puerto Rico,Dorado,America/Puerto_Rico
00951,Toa Baja,Puerto Rico,Toa Baja,America/Puerto_Rico
00952,Sabana Seca,Puerto Rico,Toa Baja,America/Puerto_Rico
00953,Toa Alta,Puerto Rico,Toa Alta,America/Puerto_Rico
00956,Bayamon,Puerto Rico,Bayamn,America/Puerto_Rico
00957,Bayamon,Puerto Rico,Bayamn,America/Puerto_Rico
00959,Bayamon,Puerto Rico,Bayamn,America/Puerto_Rico
00960,Bayamon,Puerto Rico,Bayamn,America/Puerto_Rico
00961,Bayamon,Puerto Rico,Bayamn,America/Puerto_Rico
00962,Catano,Puerto Rico,Catao,America/Puerto_Rico
00965,Guaynabo,Puerto Rico,Guaynabo,America/Puerto_Rico
00966,Guaynabo,Puerto Rico,Guaynabo,America/Puerto_Rico
00968,Guaynabo,Puerto Rico,Guaynabo,America/Puerto_Rico
00969,Guaynabo,Puerto Rico,Guaynabo,America/Puerto_Rico
00971,Guaynabo,Puerto Rico,Guaynabo,America/Puerto_Rico
00976,Trujillo Alto,Puerto Rico,Trujillo Alto,America/Puerto_Rico
00979,Carolina,Puerto Rico,Carolina,America/Puerto_Rico
00982,Carolina,Puerto Rico,Carolina,America/Puerto_Rico
00983,Carolina,Puerto Rico,Carolina,America/Puerto_Rico
00985,Carolina,Puerto Rico,Carolina,America/Puerto_Rico
00987,Carolina,Puerto Rico,Carolina,America/Puerto_Rico
01001,Agawam,Massachusetts,Hampden,America/New_York
01002,Amherst,Massachusetts,Hampshire,America/New_York
01003,Amherst,Massachusetts,Hampshire,America/New_York
01005,Barre,Massachusetts,Worcester,America/New_York
01007,Belchertown,Massachusetts,Hampshire,America/New_York
01008,Blandford,Massachusetts,Hampden,America/New_York
01009,Bondsville,Massachusetts,Hampden,America/New_York
01010,Brimfield,Massachusetts,Hampden,America/New_York
01011,Chester,Massachusetts,Hampden,America/New_York
01012,Chesterfield,Massachusetts,Hampshire,America/New_York
01013,Chicopee,Massachusetts,Hampden,America/New_York
01020,Chicopee,Massachusetts,Hampden,America/New_York
01022,Chicopee,Massachusetts,Hampden,America/New_York
01026,Cummington,Massachusetts,Hampshire,America/New_York
01027,Easthampton,Massachusetts,Hampshire,America/New_York
01028,East Longmeadow,Massachusetts,Hampden,America/New_York
01029,East Otis,Massachusetts,Berkshire,America/New_York
01030,Feeding Hills,Massachusetts,Hampden,America/New_York
01031,Gilbertville,Massachusetts,Worcester,America/New_York
01032,Goshen,Massachusetts,Hampshire,America/New_York
01033,Granby,Massachusetts,Hampshire,America/New_York
01034,Granville,Massachusetts,Hampden,America/New_York
01035,Hadley,Massachusetts,Hampshire,America/New_York
01036,Hampden,Massachusetts,Hampden,America/New_York
01037,Hardwick,Massachusetts,Worcester,America/New_York
01038,Hatfield,Massachusetts,Hampshire,America/New_York
01039,Haydenville,Massachusetts,Hampshire,America/New_York
01040,Holyoke,Massachusetts,Hampden,America/New_York
01050,Huntington,Massachusetts,Hampshire,America/New_York
01053,Leeds,Massachusetts,Hampshire,America/New_York
01054,Leverett,Massachusetts,Franklin,America/New_York
01056,Ludlow,Massachusetts,Hampden,America/New_York
01057,Monson,Massachusetts,Hampden,America/New_York
01060,Northampton,Massachusetts,Hampshire,America/New_York
01062,Florence,Massachusetts,Hampshire,America/New_York
01063,Northampton,Massachusetts,Hampshire,America/New_York
01066,North Hatfield,Massachusetts,Hampshire,America/New_York
01068,Oakham,Massachusetts,Worcester,America/New_York
01069,Palmer,Massachusetts,Hampden,America/New_York
01070,Plainfield,Massachusetts,Hampshire,America/New_York
01071,Russell,Massachusetts,Hampden,America/New_York
01072,Shutesbury,Massachusetts,Franklin,America/New_York
01073,Southampton,Massachusetts,Hampshire,America/New_York
01074,South Barre,Massachusetts,Worcester,America/New_York
01075,South Hadley,Massachusetts,Hampshire,America/New_York
01077,Southwick,Massachusetts,Hampden,America/New_York
01079,Thorndike,Massachusetts,Hampden,America/New_York
01080,Three Rivers,Massachusetts,Hampden,America/New_York
01081,Wales,Massachusetts,Hampden,America/New_York
01082,Ware,Massachusetts,Hampshire,America/New_York
01083,Warren,Massachusetts,Worcester,America/New_York
01084,West Chesterfield,Massachusetts,Hampshire,America/New_York
01085,Westfield,Massachusetts,Hampden,America/New_York
01088,West Hatfield,Massachusetts,Hampshire,America/New_York
01089,West Springfield,Massachusetts,Hampden,America/New_York
01092,West Warren,Massachusetts,Worcester,America/New_York
01093,Whately,Massachusetts,Franklin,America/New_York
01094,Wheelwright,Massachusetts,Worcester,America/New_York
01095,Wilbraham,Massachusetts,Hampden,America/New_York
01096,Williamsburg,Massachusetts,Hampshire,America/New_York
01097,Woronoco,Massachusetts,Hampden,America/New_York
01098,Worthington,Massachusetts,Hampshire,America/New_York
01103,Springfield,Massachusetts,Hampden,America/New_York
01104,Springfield,Massachusetts,Hampden,America/New_York
01105,Springfield,Massachusetts,Hampden,America/New_York
01106,Longmeadow,Massachusetts,Hampden,America/New_York
01107,Springfield,Massachusetts,Hampden,America/New_York
01108,Springfield,Massachusetts,Hampden,America/New_York
01109,Springfield,Massachusetts,Hampden,America/New_York
01118,Springfield,Massachusetts,Hampden,America/New_York
01119,Springfield,Massachusetts,Hampden,America/New_York
01128,Springfield,Massachusetts,Hampden,America/New_York
01129,Springfield,Massachusetts,Hampden,America/New_York
01144,Springfield,Massachusetts,Hampden,America/New_York
01151,Indian Orchard,Massachusetts,Hampden,America/New_York
01201,Pittsfield,Massachusetts,Berkshire,America/New_York
01220,Adams,Massachusetts,Berkshire,America/New_York
01222,Ashley Falls,Massachusetts,Berkshire,America/New_York
01223,Becket,Massachusetts,Berkshire,America/New_York
01224,Berkshire,Massachusetts,Berkshire,America/New_York
01225,Cheshire,Massachusetts,Berkshire,America/New_York
01226,Dalton,Massachusetts,Berkshire,America/New_York
01229,Glendale,Massachusetts,Berkshire,America/New_York
01230,Great Barrington,Massachusetts,Berkshire,America/New_York
01235,Hinsdale,Massachusetts,Berkshire,America/New_York
01236,Housatonic,Massachusetts,Berkshire,America/New_York
01237,Lanesborough,Massachusetts,Berkshire,America/New_York
01238,Lee,Massachusetts,Berkshire,America/New_York
01240,Lenox,Massachusetts,Berkshire,America/New_York
01242,Lenox Dale,Massachusetts,Berkshire,America/New_York
01243,Middlefield,Massachusetts,Hampshire,America/New_York
01244,Mill River,Massachusetts,Berkshire,America/New_York
01245,Monterey,Massachusetts,Berkshire,America/New_York
01247,North Adams,Massachusetts,Berkshire,America/New_York
01253,Otis,Massachusetts,Berkshire,America/New_York
01254,Richmond,Massachusetts,Berkshire,America/New_York
01255,Sandisfield,Massachusetts,Berkshire,America/New_York
01256,Savoy,Massachusetts,Berkshire,America/New_York
01257,Sheffield,Massachusetts,Berkshire,America/New_York
01258,South Egremont,Massachusetts,Berkshire,America/New_York
01259,Southfield,Massachusetts,Berkshire,America/New_York
01260,South Lee,Massachusetts,Berkshire,America/New_York
01262,Stockbridge,Massachusetts,Berkshire,America/New_York
01264,Tyringham,Massachusetts,Berkshire,America/New_York
01266,West Stockbridge,Massachusetts,Berkshire,America/New_York
01267,Williamstown,Massachusetts,Berkshire,America/New_York
01270,Windsor,Massachusetts,Berkshire,America/New_York
01301,Greenfield,Massachusetts,Franklin,America/New_York
01330,Ashfield,Massachusetts,Franklin,America/New_York
01331,Athol,Massachusetts,Worcester,America/New_York
01337,Bernardston,Massachusetts,Franklin,America/New_York
01338,Buckland,Massachusetts,Franklin,America/New_York
01339,Charlemont,Massachusetts,Franklin,America/New_York
01340,Colrain,Massachusetts,Franklin,America/New_York
01341,Conway,Massachusetts,Franklin,America/New_York
01342,Deerfield,Massachusetts,Franklin,America/New_York
01343,Drury,Massachusetts,Berkshire,America/New_York
01344,Erving,Massachusetts,Franklin,America/New_York
01346,Heath,Massachusetts,Franklin,America/New_York
01347,Lake Pleasant,Massachusetts,Franklin,America/New_York
01349,Millers Falls,Massachusetts,Franklin,America/New_York
01350,Monroe Bridge,Massachusetts,Franklin,America/New_York
01351,Montague,Massachusetts,Franklin,America/New_York
01354,Gill,Massachusetts,Franklin,America/New_York
01355,New Salem,Massachusetts,Franklin,America/New_York
01360,Northfield,Massachusetts,Franklin,America/New_York
01364,Orange,Massachusetts,Franklin,America/New_York
01366,Petersham,Massachusetts,Worcester,America/New_York
01367,Rowe,Massachusetts,Franklin,America/New_York
01368,Royalston,Massachusetts,Worcester,America/New_York
01370,Shelburne Falls,Massachusetts,Franklin,America/New_York
01373,South Deerfield,Massachusetts,Franklin,America/New_York
01375,Sunderland,Massachusetts,Franklin,America/New_York
01376,Turners Falls,Massachusetts,Franklin,America/New_York
01378,Warwick,Massachusetts,Franklin,America/New_York
01379,Wendell,Massachusetts,Franklin,America/New_York
01380,Wendell Depot,Massachusetts,Franklin,America/New_York
01420,Fitchburg,Massachusetts,Worcester,America/New_York
01430,Ashburnham,Massachusetts,Worcester,America/New_York
01431,Ashby,Massachusetts,Middlesex,America/New_York
01432,Ayer,Massachusetts,Middlesex,America/New_York
01434,Devens,Massachusetts,Worcester,America/New_York
01436,Baldwinville,Massachusetts,Worcester,America/New_York
01438,East Templeton,Massachusetts,Worcester,America/New_York
01440,Gardner,Massachusetts,Worcester,America/New_York
01450,Groton,Massachusetts,Middlesex,America/New_York
01451,Harvard,Massachusetts,Worcester,America/New_York
01452,Hubbardston,Massachusetts,Worcester,America/New_York
01453,Leominster,Massachusetts,Worcester,America/New_York
01460,Littleton,Massachusetts,Middlesex,America/New_York
01462,Lunenburg,Massachusetts,Worcester,America/New_York
01463,Pepperell,Massachusetts,Middlesex,America/New_York
01464,Shirley,Massachusetts,Middlesex,America/New_York
01468,Templeton,Massachusetts,Worcester,America/New_York
01469,Townsend,Massachusetts,Middlesex,America/New_York
01473,Westminster,Massachusetts,Worcester,America/New_York
01474,West Townsend,Massachusetts,Middlesex,America/New_York
01475,Winchendon,Massachusetts,Worcester,America/New_York
01501,Auburn,Massachusetts,Worcester,America/New_York
01503,Berlin,Massachusetts,Worcester,America/New_York
01504,Blackstone,Massachusetts,Worcester,America/New_York
01505,Boylston,Massachusetts,Worcester,America/New_York
01506,Brookfield,Massachusetts,Worcester,America/New_York
01507,Charlton,Massachusetts,Worcester,America/New_York
01510,Clinton,Massachusetts,Worcester,America/New_York
01515,East Brookfield,Massachusetts,Worcester,America/New_York
01516,Douglas,Massachusetts,Worcester,America/New_York
01518,Fiskdale,Massachusetts,Worcester,America/New_York
01519,Grafton,Massachusetts,Worcester,America/New_York
01520,Holden,Massachusetts,Worcester,America/New_York
01521,Holland,Massachusetts,Hampden,America/New_York
01522,Jefferson,Massachusetts,Worcester,America/New_York
01523,Lancaster,Massachusetts,Worcester,America/New_York
01524,Leicester,Massachusetts,Worcester,America/New_York
01525,Linwood,Massachusetts,Worcester,America/New_York
01527,Millbury,Massachusetts,Worcester,America/New_York
01529,Millville,Massachusetts,Worcester,America/New_York
01531,New Braintree,Massachusetts,Worcester,America/New_York
01532,Northborough,Massachusetts,Worcester,America/New_York
01534,Northbridge,Massachusetts,Worcester,America/New_York
01535,North Brookfield,Massachusetts,Worcester,America/New_York
01536,North Grafton,Massachusetts,Worcester,America/New_York
01537,North Oxford,Massachusetts,Worcester,America/New_York
01540,Oxford,Massachusetts,Worcester,America/New_York
01541,Princeton,Massachusetts,Worcester,America/New_York
01542,Rochdale,Massachusetts,Worcester,America/New_York
01543,Rutland,Massachusetts,Worcester,America/New_York
01545,Shrewsbury,Massachusetts,Worcester,America/New_York
01550,Southbridge,Massachusetts,Worcester,America/New_York
01560,South Grafton,Massachusetts,Worcester,America/New_York
01561,South Lancaster,Massachusetts,Worcester,America/New_York
01562,Spencer,Massachusetts,Worcester,America/New_York
01564,Sterling,Massachusetts,Worcester,America/New_York
01566,Sturbridge,Massachusetts,Worcester,America/New_York
01568,Upton,Massachusetts,Worcester,America/New_York
01569,Uxbridge,Massachusetts,Worcester,America/New_York
01570,Webster,Massachusetts,Worcester,America/New_York
01571,Dudley,Massachusetts,Worcester,America/New_York
01581,Westborough,Massachusetts,Worcester,America/New_York
01583,West Boylston,Massachusetts,Worcester,America/New_York
01585,West Brookfield,Massachusetts,Worcester,America/New_York
01588,Whitinsville,Massachusetts,Worcester,America/New_York
01590,Sutton,Massachusetts,Worcester,America/New_York
01602,Worcester,Massachusetts,Worcester,America/New_York
01603,Worcester,Massachusetts,Worcester,America/New_York
01604,Worcester,Massachusetts,Worcester,America/New_York
01605,Worcester,Massachusetts,Worcester,America/New_York
01606,Worcester,Massachusetts,Worcester,America/New_York
01607,Worcester,Massachusetts,Worcester,America/New_York
01608,Worcester,Massachusetts,Worcester,America/New_York
01609,Worcester,Massachusetts,Worcester,America/New_York
01610,Worcester,Massachusetts,Worcester,America/New_York
01611,Cherry Valley,Massachusetts,Worcester,America/New_York
01612,Paxton,Massachusetts,Worcester,America/New_York
01701,Framingham,Massachusetts,Middlesex,America/New_York
01702,Framingham,Massachusetts,Middlesex,America/New_York
01718,Acton,Massachusetts,Middlesex,America/New_York
01719,Boxborough,Massachusetts,Middlesex,America/New_York
01720,Acton,Massachusetts,Middlesex,America/New_York
01721,Ashland,Massachusetts,Middlesex,America/New_York
01730,Bedford,Massachusetts,Middlesex,America/New_York
01731,Hanscom Afb,Massachusetts,Middlesex,America/New_York
01740,Bolton,Massachusetts,Worcester,America/New_York
01741,Carlisle,Massachusetts,Middlesex,America/New_York
01742,Concord,Massachusetts,Middlesex,America/New_York
01745,Fayville,Massachusetts,Worcester,America/New_York
01746,Holliston,Massachusetts,Middlesex,America/New_York
01747,Hopedale,Massachusetts,Worcester,America/New_York
01748,Hopkinton,Massachusetts,Middlesex,America/New_York
01749,Hudson,Massachusetts,Middlesex,America/New_York
01752,Marlborough,Massachusetts,Middlesex,America/New_York
01754,Maynard,Massachusetts,Middlesex,America/New_York
01756,Mendon,Massachusetts,Worcester,America/New_York
01757,Milford,Massachusetts,Worcester,America/New_York
01760,Natick,Massachusetts,Middlesex,America/New_York
01770,Sherborn,Massachusetts,Middlesex,America/New_York
01772,Southborough,Massachusetts,Worcester,America/New_York
01773,Lincoln,Massachusetts,Middlesex,America/New_York
01775,Stow,Massachusetts,Middlesex,America/New_York
01776,Sudbury,Massachusetts,Middlesex,America/New_York
01778,Wayland,Massachusetts,Middlesex,America/New_York
01801,Woburn,Massachusetts,Middlesex,America/New_York
01803,Burlington,Massachusetts,Middlesex,America/New_York
01810,Andover,Massachusetts,Essex,America/New_York
01821,Billerica,Massachusetts,Middlesex,America/New_York
01824,Chelmsford,Massachusetts,Middlesex,America/New_York
01826,Dracut,Massachusetts,Middlesex,America/New_York
01827,Dunstable,Massachusetts,Middlesex,America/New_York
01830,Haverhill,Massachusetts,Essex,America/New_York
01832,Haverhill,Massachusetts,Essex,America/New_York
01833,Georgetown,Massachusetts,Essex,America/New_York
01834,Groveland,Massachusetts,Essex,America/New_York
01835,Haverhill,Massachusetts,Essex,America/New_York
01840,Lawrence,Massachusetts,Essex,America/New_York
01841,Lawrence,Massachusetts,Essex,America/New_York
01843,Lawrence,Massachusetts,Essex,America/New_York
01844,Methuen,Massachusetts,Essex,America/New_York
01845,North Andover,Massachusetts,Essex,America/New_York
01850,Lowell,Massachusetts,Middlesex,America/New_York
01851,Lowell,Massachusetts,Middlesex,America/New_York
01852,Lowell,Massachusetts,Middlesex,America/New_York
01854,Lowell,Massachusetts,Middlesex,America/New_York
01860,Merrimac,Massachusetts,Essex,America/New_York
01862,North Billerica,Massachusetts,Middlesex,America/New_York
01863,North Chelmsford,Massachusetts,Middlesex,America/New_York
01864,North Reading,Massachusetts,Middlesex,America/New_York
01867,Reading,Massachusetts,Middlesex,America/New_York
01876,Tewksbury,Massachusetts,Middlesex,America/New_York
01879,Tyngsboro,Massachusetts,Middlesex,America/New_York
01880,Wakefield,Massachusetts,Middlesex,America/New_York
01886,Westford,Massachusetts,Middlesex,America/New_York
01887,Wilmington,Massachusetts,Middlesex,America/New_York
01890,Winchester,Massachusetts,Middlesex,America/New_York
01901,Lynn,Massachusetts,Essex,America/New_York
01902,Lynn,Massachusetts,Essex,America/New_York
01904,Lynn,Massachusetts,Essex,America/New_York
01905,Lynn,Massachusetts,Essex,America/New_York
01906,Saugus,Massachusetts,Essex,America/New_York
01907,Swampscott,Massachusetts,Essex,America/New_York
01908,Nahant,Massachusetts,Essex,America/New_York
01913,Amesbury,Massachusetts,Essex,America/New_York
01915,Beverly,Massachusetts,Essex,America/New_York
01921,Boxford,Massachusetts,Essex,America/New_York
01922,Byfield,Massachusetts,Essex,America/New_York
01923,Danvers,Massachusetts,Essex,America/New_York
01929,Essex,Massachusetts,Essex,America/New_York
01930,Gloucester,Massachusetts,Essex,America/New_York
01937,Hathorne,Massachusetts,Essex,America/New_York
01938,Ipswich,Massachusetts,Essex,America/New_York
01940,Lynnfield,Massachusetts,Essex,America/New_York
01944,Manchester,Massachusetts,Essex,America/New_York
01945,Marblehead,Massachusetts,Essex,America/New_York
01949,Middleton,Massachusetts,Essex,America/New_York
01950,Newburyport,Massachusetts,Essex,America/New_York
01951,Newbury,Massachusetts,Essex,America/New_York
01952,Salisbury,Massachusetts,Essex,America/New_York
01960,Peabody,Massachusetts,Essex,America/New_York
01965,Prides Crossing,Massachusetts,Essex,America/New_York
01966,Rockport,Massachusetts,Essex,America/New_York
01969,Rowley,Massachusetts,Essex,America/New_York
01970,Salem,Massachusetts,Essex,America/New_York
01982,South Hamilton,Massachusetts,Essex,America/New_York
01983,Topsfield,Massachusetts,Essex,America/New_York
01984,Wenham,Massachusetts,Essex,America/New_York
01985,West Newbury,Massachusetts,Essex,America/New_York
02019,Bellingham,Massachusetts,Norfolk,America/New_York
02021,Canton,Massachusetts,Norfolk,America/New_York
02025,Cohasset,Massachusetts,Norfolk,America/New_York
02026,Dedham,Massachusetts,Norfolk,America/New_York
02030,Dover,Massachusetts,Norfolk,America/New_York
02032,East Walpole,Massachusetts,Norfolk,America/New_York
02035,Foxboro,Massachusetts,Norfolk,America/New_York
02038,Franklin,Massachusetts,Norfolk,America/New_York
02043,Hingham,Massachusetts,Plymouth,America/New_York
02045,Hull,Massachusetts,Plymouth,America/New_York
02047,Humarock,Massachusetts,Plymouth,America/New_York
02048,Mansfield,Massachusetts,Bristol,America/New_York
02050,Marshfield,Massachusetts,Plymouth,America/New_York
02052,Medfield,Massachusetts,Norfolk,America/New_York
02053,Medway,Massachusetts,Norfolk,America/New_York
02054,Millis,Massachusetts,Norfolk,America/New_York
02056,Norfolk,Massachusetts,Norfolk,America/New_York
02061,Norwell,Massachusetts,Plymouth,America/New_York
02062,Norwood,Massachusetts,Norfolk,America/New_York
02066,Scituate,Massachusetts,Plymouth,America/New_York
02067,Sharon,Massachusetts,Norfolk,America/New_York
02071,South Walpole,Massachusetts,Norfolk,America/New_York
02072,Stoughton,Massachusetts,Norfolk,America/New_York
02081,Walpole,Massachusetts,Norfolk,America/New_York
02090,Westwood,Massachusetts,Norfolk,America/New_York
02093,Wrentham,Massachusetts,Norfolk,America/New_York
02108,Boston,Massachusetts,Suffolk,America/New_York
02109,Boston,Massachusetts,Suffolk,America/New_York
02110,Boston,Massachusetts,Suffolk,America/New_York
02111,Boston,Massachusetts,Suffolk,America/New_York
02113,Boston,Massachusetts,Suffolk,America/New_York
02114,Boston,Massachusetts,Suffolk,America/New_York
02115,Boston,Massachusetts,Suffolk,America/New_York
02116,Boston,Massachusetts,Suffolk,America/New_York
02118,Boston,Massachusetts,Suffolk,America/New_York
02119,Roxbury,Massachusetts,Suffolk,America/New_York
02120,Roxbury Crossing,Massachusetts,Suffolk,America/New_York
02121,Dorchester,Massachusetts,Suffolk,America/New_York
02122,Dorchester,Massachusetts,Suffolk,America/New_York
02124,Dorchester Center,Massachusetts,Suffolk,America/New_York
02125,Dorchester,Massachusetts,Suffolk,America/New_York
02126,Mattapan,Massachusetts,Suffolk,America/New_York
02127,South Boston,Massachusetts,Suffolk,America/New_York
02128,East Boston,Massachusetts,Suffolk,America/New_York
02129,Charlestown,Massachusetts,Suffolk,America/New_York
02130,Jamaica Plain,Massachusetts,Suffolk,America/New_York
02131,Roslindale,Massachusetts,Suffolk,America/New_York
02132,West Roxbury,Massachusetts,Suffolk,America/New_York
02133,Boston,Massachusetts,Suffolk,America/New_York
02134,Allston,Massachusetts,Suffolk,America/New_York
02135,Brighton,Massachusetts,Suffolk,America/New_York
02136,Hyde Park,Massachusetts,Suffolk,America/New_York
02138,Cambridge,Massachusetts,Middlesex,America/New_York
02139,Cambridge,Massachusetts,Middlesex,America/New_York
02140,Cambridge,Massachusetts,Middlesex,America/New_York
02141,Cambridge,Massachusetts,Middlesex,America/New_York
02142,Cambridge,Massachusetts,Middlesex,America/New_York
02143,Somerville,Massachusetts,Middlesex,America/New_York
02144,Somerville,Massachusetts,Middlesex,America/New_York
02145,Somerville,Massachusetts,Middlesex,America/New_York
02148,Malden,Massachusetts,Middlesex,America/New_York
02149,Everett,Massachusetts,Middlesex,America/New_York
02150,Chelsea,Massachusetts,Suffolk,America/New_York
02151,Revere,Massachusetts,Suffolk,America/New_York
02152,Winthrop,Massachusetts,Suffolk,America/New_York
02155,Medford,Massachusetts,Middlesex,America/New_York
02163,Boston,Massachusetts,Suffolk,America/New_York
02169,Quincy,Massachusetts,Norfolk,America/New_York
02170,Quincy,Massachusetts,Norfolk,America/New_York
02171,Quincy,Massachusetts,Norfolk,America/New_York
02176,Melrose,Massachusetts,Middlesex,America/New_York
02180,Stoneham,Massachusetts,Middlesex,America/New_York
02184,Braintree,Massachusetts,Norfolk,America/New_York
02186,Milton,Massachusetts,Norfolk,America/New_York
02188,Weymouth,Massachusetts,Norfolk,America/New_York
02189,East Weymouth,Massachusetts,Norfolk,America/New_York
02190,South Weymouth,Massachusetts,Norfolk,America/New_York
02191,North Weymouth,Massachusetts,Norfolk,America/New_York
02199,Boston,Massachusetts,Suffolk,America/New_York
02203,Boston,Massachusetts,Suffolk,America/New_York
02205,Boston,Massachusetts,Suffolk,America/New_York
02210,Boston,Massachusetts,Suffolk,America/New_York
02215,Boston,Massachusetts,Suffolk,America/New_York
02301,Brockton,Massachusetts,Plymouth,America/New_York
02302,Brockton,Massachusetts,Plymouth,America/New_York
02322,Avon,Massachusetts,Norfolk,America/New_York
02324,Bridgewater,Massachusetts,Plymouth,America/New_York
02325,Bridgewater,Massachusetts,Plymouth,America/New_York
02330,Carver,Massachusetts,Plymouth,America/New_York
02332,Duxbury,Massachusetts,Plymouth,America/New_York
02333,East Bridgewater,Massachusetts,Plymouth,America/New_York
02338,Halifax,Massachusetts,Plymouth,America/New_York
02339,Hanover,Massachusetts,Plymouth,America/New_York
02341,Hanson,Massachusetts,Plymouth,America/New_York
02343,Holbrook,Massachusetts,Norfolk,America/New_York
02346,Middleboro,Massachusetts,Plymouth,America/New_York
02347,Lakeville,Massachusetts,Plymouth,America/New_York
02350,Monponsett,Massachusetts,Plymouth,America/New_York
02351,Abington,Massachusetts,Plymouth,America/New_York
02356,North Easton,Massachusetts,Bristol,America/New_York
02357,North Easton,Massachusetts,Bristol,America/New_York
02359,Pembroke,Massachusetts,Plymouth,America/New_York
02360,Plymouth,Massachusetts,Plymouth,America/New_York
02364,Kingston,Massachusetts,Plymouth,America/New_York
02366,South Carver,Massachusetts,Plymouth,America/New_York
02367,Plympton,Massachusetts,Plymouth,America/New_York
02368,Randolph,Massachusetts,Norfolk,America/New_York
02370,Rockland,Massachusetts,Plymouth,America/New_York
02375,South Easton,Massachusetts,Bristol,America/New_York
02379,West Bridgewater,Massachusetts,Plymouth,America/New_York
02382,Whitman,Massachusetts,Plymouth,America/New_York
02420,Lexington,Massachusetts,Middlesex,America/New_York
02421,Lexington,Massachusetts,Middlesex,America/New_York
02445,Brookline,Massachusetts,Norfolk,America/New_York
02446,Brookline,Massachusetts,Norfolk,America/New_York
02451,Waltham,Massachusetts,Middlesex,America/New_York
02452,Waltham,Massachusetts,Middlesex,America/New_York
02453,Waltham,Massachusetts,Middlesex,America/New_York
02457,Babson Park,Massachusetts,Norfolk,America/New_York
02458,Newton,Massachusetts,Middlesex,America/New_York
02459,Newton Center,Massachusetts,Middlesex,America/New_York
02460,Newtonville,Massachusetts,Middlesex,America/New_York
02461,Newton Highlands,Massachusetts,Middlesex,America/New_York
02462,Newton Lower Falls,Massachusetts,Middlesex,America/New_York
02464,Newton Upper Falls,Massachusetts,Middlesex,America/New_York
02465,West Newton,Massachusetts,Middlesex,America/New_York
02466,Auburndale,Massachusetts,Middlesex,America/New_York
02467,Chestnut Hill,Massachusetts,Norfolk,America/New_York
02468,Waban,Massachusetts,Middlesex,America/New_York
02472,Watertown,Massachusetts,Middlesex,America/New_York
02474,Arlington,Massachusetts,Middlesex,America/New_York
02476,Arlington,Massachusetts,Middlesex,America/New_York
02478,Belmont,Massachusetts,Middlesex,America/New_York
02481,Wellesley Hills,Massachusetts,Norfolk,America/New_York
02482,Wellesley,Massachusetts,Norfolk,America/New_York
02492,Needham,Massachusetts,Norfolk,America/New_York
02493,Weston,Massachusetts,Middlesex,America/New_York
02494,Needham Heights,Massachusetts,Norfolk,America/New_York
02532,Buzzards Bay,Massachusetts,Barnstable,America/New_York
02534,Cataumet,Massachusetts,Barnstable,America/New_York
02535,Chilmark,Massachusetts,Dukes,America/New_York
02536,East Falmouth,Massachusetts,Barnstable,America/New_York
02537,East Sandwich,Massachusetts,Barnstable,America/New_York
02538,East Wareham,Massachusetts,Plymouth,America/New_York
02539,Edgartown,Massachusetts,Dukes,America/New_York
02540,Falmouth,Massachusetts,Barnstable,America/New_York
02542,Buzzards Bay,Massachusetts,Barnstable,America/New_York
02543,Woods Hole,Massachusetts,Dukes,America/New_York
02553,Monument Beach,Massachusetts,Barnstable,America/New_York
02554,Nantucket,Massachusetts,Nantucket,America/New_York
02556,North Falmouth,Massachusetts,Barnstable,America/New_York
02557,Oak Bluffs,Massachusetts,Dukes,America/New_York
02558,Onset,Massachusetts,Plymouth,America/New_York
02559,Pocasset,Massachusetts,Barnstable,America/New_York
02561,Sagamore,Massachusetts,Barnstable,America/New_York
02562,Sagamore Beach,Massachusetts,Barnstable,America/New_York
02563,Sandwich,Massachusetts,Barnstable,America/New_York
02564,Siasconset,Massachusetts,Nantucket,America/New_York
02568,Vineyard Haven,Massachusetts,Dukes,America/New_York
02571,Wareham,Massachusetts,Plymouth,America/New_York
02575,West Tisbury,Massachusetts,Dukes,America/New_York
02576,West Wareham,Massachusetts,Plymouth,America/New_York
02584,Nantucket,Massachusetts,Nantucket,America/New_York
02601,Hyannis,Massachusetts,Barnstable,America/New_York
02630,Barnstable,Massachusetts,Barnstable,America/New_York
02631,Brewster,Massachusetts,Barnstable,America/New_York
02632,Centerville,Massachusetts,Barnstable,America/New_York
02633,Chatham,Massachusetts,Barnstable,America/New_York
02635,Cotuit,Massachusetts,Barnstable,America/New_York
02637,Cummaquid,Massachusetts,Barnstable,America/New_York
02638,Dennis,Massachusetts,Barnstable,America/New_York
02639,Dennis Port,Massachusetts,Barnstable,America/New_York
02641,East Dennis,Massachusetts,Barnstable,America/New_York
02642,Eastham,Massachusetts,Barnstable,America/New_York
02643,East Orleans,Massachusetts,Barnstable,America/New_York
02644,Forestdale,Massachusetts,Barnstable,America/New_York
02645,Harwich,Massachusetts,Barnstable,America/New_York
02646,Harwich Port,Massachusetts,Barnstable,America/New_York
02647,Hyannis Port,Massachusetts,Barnstable,America/New_York
02648,Marstons Mills,Massachusetts,Barnstable,America/New_York
02649,Mashpee,Massachusetts,Barnstable,America/New_York
02650,North Chatham,Massachusetts,Barnstable,America/New_York
02652,North Truro,Massachusetts,Barnstable,America/New_York
02653,Orleans,Massachusetts,Barnstable,America/New_York
02655,Osterville,Massachusetts,Barnstable,America/New_York
02657,Provincetown,Massachusetts,Barnstable,America/New_York
02659,South Chatham,Massachusetts,Barnstable,America/New_York
02660,South Dennis,Massachusetts,Barnstable,America/New_York
02663,South Wellfleet,Massachusetts,Barnstable,America/New_York
02664,South Yarmouth,Massachusetts,Barnstable,America/New_York
02666,Truro,Massachusetts,Barnstable,America/New_York
02667,Wellfleet,Massachusetts,Barnstable,America/New_York
02668,West Barnstable,Massachusetts,Barnstable,America/New_York
02670,West Dennis,Massachusetts,Barnstable,America/New_York
02671,West Harwich,Massachusetts,Barnstable,America/New_York
02672,West Hyannisport,Massachusetts,Barnstable,America/New_York
02673,West Yarmouth,Massachusetts,Barnstable,America/New_York
02675,Yarmouth Port,Massachusetts,Barnstable,America/New_York
02702,Assonet,Massachusetts,Bristol,America/New_York
02703,Attleboro,Massachusetts,Bristol,America/New_York
02713,Cuttyhunk,Massachusetts,Dukes,America/New_York
02715,Dighton,Massachusetts,Bristol,America/New_York
02717,East Freetown,Massachusetts,Bristol,America/New_York
02718,East Taunton,Massachusetts,Bristol,America/New_York
02719,Fairhaven,Massachusetts,Bristol,America/New_York
02720,Fall River,Massachusetts,Bristol,America/New_York
02721,Fall River,Massachusetts,Bristol,America/New_York
02723,Fall River,Massachusetts,Bristol,America/New_York
02724,Fall River,Massachusetts,Bristol,America/New_York
02725,Somerset,Massachusetts,Bristol,America/New_York
02726,Somerset,Massachusetts,Bristol,America/New_York
02738,Marion,Massachusetts,Plymouth,America/New_York
02739,Mattapoisett,Massachusetts,Plymouth,America/New_York
02740,New Bedford,Massachusetts,Bristol,America/New_York
02743,Acushnet,Massachusetts,Bristol,America/New_York
02744,New Bedford,Massachusetts,Bristol,America/New_York
02745,New Bedford,Massachusetts,Bristol,America/New_York
02746,New Bedford,Massachusetts,Bristol,America/New_York
02747,North Dartmouth,Massachusetts,Bristol,America/New_York
02748,South Dartmouth,Massachusetts,Bristol,America/New_York
02760,North Attleboro,Massachusetts,Bristol,America/New_York
02762,Plainville,Massachusetts,Norfolk,America/New_York
02763,Attleboro Falls,Massachusetts,Bristol,America/New_York
02764,North Dighton,Massachusetts,Bristol,America/New_York
02766,Norton,Massachusetts,Bristol,America/New_York
02767,Raynham,Massachusetts,Bristol,America/New_York
02769,Rehoboth,Massachusetts,Bristol,America/New_York
02770,Rochester,Massachusetts,Plymouth,America/New_York
02771,Seekonk,Massachusetts,Bristol,America/New_York
02777,Swansea,Massachusetts,Bristol,America/New_York
02779,Berkley,Massachusetts,Bristol,America/New_York
02780,Taunton,Massachusetts,Bristol,America/New_York
02790,Westport,Massachusetts,Bristol,America/New_York
02791,Westport Point,Massachusetts,Bristol,America/New_York
02802,Albion,Rhode Island,Providence,America/New_York
02804,Ashaway,Rhode Island,Washington,America/New_York
02806,Barrington,Rhode Island,Bristol,America/New_York
02807,Block Island,Rhode Island,Washington,America/New_York
02808,Bradford,Rhode Island,Washington,America/New_York
02809,Bristol,Rhode Island,Bristol,America/New_York
02812,Carolina,Rhode Island,Washington,America/New_York
02813,Charlestown,Rhode Island,Washington,America/New_York
02814,Chepachet,Rhode Island,Providence,America/New_York
02815,Clayville,Rhode Island,Providence,America/New_York
02816,Coventry,Rhode Island,Kent,America/New_York
02817,West Greenwich,Rhode Island,Kent,America/New_York
02818,East Greenwich,Rhode Island,Kent,America/New_York
02822,Exeter,Rhode Island,Washington,America/New_York
02823,Fiskeville,Rhode Island,Providence,America/New_York
02824,Forestdale,Rhode Island,Providence,America/New_York
02825,Foster,Rhode Island,Providence,America/New_York
02826,Glendale,Rhode Island,Providence,America/New_York
02827,Greene,Rhode Island,Kent,America/New_York
02828,Greenville,Rhode Island,Providence,America/New_York
02829,Harmony,Rhode Island,Providence,America/New_York
02830,Harrisville,Rhode Island,Providence,America/New_York
02831,Hope,Rhode Island,Providence,America/New_York
02832,Hope Valley,Rhode Island,Washington,America/New_York
02833,Hopkinton,Rhode Island,Washington,America/New_York
02835,Jamestown,Rhode Island,Newport,America/New_York
02836,Kenyon,Rhode Island,Washington,America/New_York
02837,Little Compton,Rhode Island,Newport,America/New_York
02838,Manville,Rhode Island,Providence,America/New_York
02839,Mapleville,Rhode Island,Providence,America/New_York
02840,Newport,Rhode Island,Newport,America/New_York
02841,Newport,Rhode Island,Newport,America/New_York
02842,Middletown,Rhode Island,Newport,America/New_York
02852,North Kingstown,Rhode Island,Washington,America/New_York
02857,North Scituate,Rhode Island,Providence,America/New_York
02858,Oakland,Rhode Island,Providence,America/New_York
02859,Pascoag,Rhode Island,Providence,America/New_York
02860,Pawtucket,Rhode Island,Providence,America/New_York
02861,Pawtucket,Rhode Island,Providence,America/New_York
02863,Central Falls,Rhode Island,Providence,America/New_York
02864,Cumberland,Rhode Island,Providence,America/New_York
02865,Lincoln,Rhode Island,Providence,America/New_York
02871,Portsmouth,Rhode Island,Newport,America/New_York
02872,Prudence Island,Rhode Island,Newport,America/New_York
02873,Rockville,Rhode Island,Washington,America/New_York
02874,Saunderstown,Rhode Island,Washington,America/New_York
02875,Shannock,Rhode Island,Washington,America/New_York
02876,Slatersville,Rhode Island,Providence,America/New_York
02878,Tiverton,Rhode Island,Newport,America/New_York
02879,Wakefield,Rhode Island,Washington,America/New_York
02881,Kingston,Rhode Island,Washington,America/New_York
02882,Narragansett,Rhode Island,Washington,America/New_York
02885,Warren,Rhode Island,Bristol,America/New_York
02886,Warwick,Rhode Island,Kent,America/New_York
02888,Warwick,Rhode Island,Kent,America/New_York
02889,Warwick,Rhode Island,Kent,America/New_York
02891,Westerly,Rhode Island,Washington,America/New_York
02892,West Kingston,Rhode Island,Washington,America/New_York
02893,West Warwick,Rhode Island,Kent,America/New_York
02894,Wood River Junction,Rhode Island,Washington,America/New_York
02895,Woonsocket,Rhode Island,Providence,America/New_York
02896,North Smithfield,Rhode Island,Providence,America/New_York
02898,Wyoming,Rhode Island,Washington,America/New_York
02903,Providence,Rhode Island,Providence,America/New_York
02904,Providence,Rhode Island,Providence,America/New_York
02905,Providence,Rhode Island,Providence,America/New_York
02906,Providence,Rhode Island,Providence,America/New_York
02907,Providence,Rhode Island,Providence,America/New_York
02908,Providence,Rhode Island,Providence,America/New_York
02909,Providence,Rhode Island,Providence,America/New_York
02910,Cranston,Rhode Island,Providence,America/New_York
02911,North Providence,Rhode Island,Providence,America/New_York
02912,Providence,Rhode Island,Providence,America/New_York
02914,East Providence,Rhode Island,Providence,America/New_York
02915,Riverside,Rhode Island,Providence,America/New_York
02916,Rumford,Rhode Island,Providence,America/New_York
02917,Smithfield,Rhode Island,Providence,America/New_York
02918,Providence,Rhode Island,Providence,America/New_York
02919,Johnston,Rhode Island,Providence,America/New_York
02920,Cranston,Rhode Island,Providence,America/New_York
02921,Cranston,Rhode Island,Providence,America/New_York
03031,Amherst,New Hampshire,Hillsborough,America/New_York
03032,Auburn,New Hampshire,Rockingham,America/New_York
03033,Brookline,New Hampshire,Hillsborough,America/New_York
03034,Candia,New Hampshire,Rockingham,America/New_York
03036,Chester,New Hampshire,Rockingham,America/New_York
03037,Deerfield,New Hampshire,Rockingham,America/New_York
03038,Derry,New Hampshire,Rockingham,America/New_York
03042,Epping,New Hampshire,Rockingham,America/New_York
03043,Francestown,New Hampshire,Hillsborough,America/New_York
03044,Fremont,New Hampshire,Rockingham,America/New_York
03045,Goffstown,New Hampshire,Hillsborough,America/New_York
03046,Dunbarton,New Hampshire,Merrimack,America/New_York
03047,Greenfield,New Hampshire,Hillsborough,America/New_York
03048,Greenville,New Hampshire,Hillsborough,America/New_York
03049,Hollis,New Hampshire,Hillsborough,America/New_York
03051,Hudson,New Hampshire,Hillsborough,America/New_York
03052,Litchfield,New Hampshire,Hillsborough,America/New_York
03053,Londonderry,New Hampshire,Rockingham,America/New_York
03054,Merrimack,New Hampshire,Hillsborough,America/New_York
03055,Milford,New Hampshire,Hillsborough,America/New_York
03057,Mont Vernon,New Hampshire,Hillsborough,America/New_York
03060,Nashua,New Hampshire,Hillsborough,America/New_York
03062,Nashua,New Hampshire,Hillsborough,America/New_York
03063,Nashua,New Hampshire,Hillsborough,America/New_York
03064,Nashua,New Hampshire,Hillsborough,America/New_York
03070,New Boston,New Hampshire,Hillsborough,America/New_York
03071,New Ipswich,New Hampshire,Hillsborough,America/New_York
03076,Pelham,New Hampshire,Hillsborough,America/New_York
03077,Raymond,New Hampshire,Rockingham,America/New_York
03079,Salem,New Hampshire,Rockingham,America/New_York
03082,Lyndeborough,New Hampshire,Hillsborough,America/New_York
03084,Temple,New Hampshire,Hillsborough,America/New_York
03086,Wilton,New Hampshire,Hillsborough,America/New_York
03087,Windham,New Hampshire,Rockingham,America/New_York
03101,Manchester,New Hampshire,Hillsborough,America/New_York
03102,Manchester,New Hampshire,Hillsborough,America/New_York
03103,Manchester,New Hampshire,Hillsborough,America/New_York
03104,Manchester,New Hampshire,Hillsborough,America/New_York
03106,Hooksett,New Hampshire,Merrimack,America/New_York
03109,Manchester,New Hampshire,Hillsborough,America/New_York
03110,Bedford,New Hampshire,Hillsborough,America/New_York
03215,Waterville Valley,New Hampshire,Grafton,America/New_York
03216,Andover,New Hampshire,Merrimack,America/New_York
03217,Ashland,New Hampshire,Grafton,America/New_York
03218,Barnstead,New Hampshire,Belknap,America/New_York
03220,Belmont,New Hampshire,Belknap,America/New_York
03221,Bradford,New Hampshire,Merrimack,America/New_York
03222,Bristol,New Hampshire,Grafton,America/New_York
03223,Campton,New Hampshire,Grafton,America/New_York
03224,Canterbury,New Hampshire,Merrimack,America/New_York
03225,Center Barnstead,New Hampshire,Belknap,America/New_York
03226,Center Harbor,New Hampshire,Belknap,America/New_York
03227,Center Sandwich,New Hampshire,Carroll,America/New_York
03229,Contoocook,New Hampshire,Merrimack,America/New_York
03230,Danbury,New Hampshire,Merrimack,America/New_York
03231,East Andover,New Hampshire,Merrimack,America/New_York
03233,Elkins,New Hampshire,Merrimack,America/New_York
03234,Epsom,New Hampshire,Merrimack,America/New_York
03235,Franklin,New Hampshire,Merrimack,America/New_York
03237,Gilmanton,New Hampshire,Belknap,America/New_York
03238,Glencliff,New Hampshire,Grafton,America/New_York
03240,Grafton,New Hampshire,Grafton,America/New_York
03241,Hebron,New Hampshire,Grafton,America/New_York
03242,Henniker,New Hampshire,Merrimack,America/New_York
03243,Hill,New Hampshire,Merrimack,America/New_York
03244,Hillsborough,New Hampshire,Hillsborough,America/New_York
03245,Holderness,New Hampshire,Grafton,America/New_York
03246,Laconia,New Hampshire,Belknap,America/New_York
03249,Gilford,New Hampshire,Belknap,America/New_York
03251,Lincoln,New Hampshire,Grafton,America/New_York
03253,Meredith,New Hampshire,Belknap,America/New_York
03254,Moultonborough,New Hampshire,Carroll,America/New_York
03255,Newbury,New Hampshire,Merrimack,America/New_York
03256,New Hampton,New Hampshire,Belknap,America/New_York
03257,New London,New Hampshire,Merrimack,America/New_York
03258,Chichester,New Hampshire,Merrimack,America/New_York
03259,North Sandwich,New Hampshire,Carroll,America/New_York
03260,North Sutton,New Hampshire,Merrimack,America/New_York
03261,Northwood,New Hampshire,Rockingham,America/New_York
03262,North Woodstock,New Hampshire,Grafton,America/New_York
03263,Pittsfield,New Hampshire,Merrimack,America/New_York
03264,Plymouth,New Hampshire,Grafton,America/New_York
03266,Rumney,New Hampshire,Grafton,America/New_York
03268,Salisbury,New Hampshire,Merrimack,America/New_York
03269,Sanbornton,New Hampshire,Belknap,America/New_York
03273,South Sutton,New Hampshire,Merrimack,America/New_York
03275,Suncook,New Hampshire,Merrimack,America/New_York
03276,Tilton,New Hampshire,Merrimack,America/New_York
03278,Warner,New Hampshire,Merrimack,America/New_York
03279,Warren,New Hampshire,Grafton,America/New_York
03280,Washington,New Hampshire,Sullivan,America/New_York
03281,Weare,New Hampshire,Hillsborough,America/New_York
03282,Wentworth,New Hampshire,Grafton,America/New_York
03284,Springfield,New Hampshire,Sullivan,America/New_York
03285,Thornton,New Hampshire,Grafton,America/New_York
03287,Wilmot,New Hampshire,Merrimack,America/New_York
03290,Nottingham,New Hampshire,Rockingham,America/New_York
03291,West Nottingham,New Hampshire,Rockingham,America/New_York
03293,Woodstock,New Hampshire,Grafton,America/New_York
03301,Concord,New Hampshire,Merrimack,America/New_York
03303,Concord,New Hampshire,Merrimack,America/New_York
03304,Bow,New Hampshire,Merrimack,America/New_York
03307,Loudon,New Hampshire,Merrimack,America/New_York
03431,Keene,New Hampshire,Cheshire,America/New_York
03440,Antrim,New Hampshire,Hillsborough,America/New_York
03441,Ashuelot,New Hampshire,Cheshire,America/New_York
03442,Bennington,New Hampshire,Hillsborough,America/New_York
03443,Chesterfield,New Hampshire,Cheshire,America/New_York
03444,Dublin,New Hampshire,Cheshire,America/New_York
03445,Sullivan,New Hampshire,Cheshire,America/New_York
03446,Swanzey,New Hampshire,Cheshire,America/New_York
03447,Fitzwilliam,New Hampshire,Cheshire,America/New_York
03448,Gilsum,New Hampshire,Cheshire,America/New_York
03449,Hancock,New Hampshire,Hillsborough,America/New_York
03450,Harrisville,New Hampshire,Cheshire,America/New_York
03451,Hinsdale,New Hampshire,Cheshire,America/New_York
03452,Jaffrey,New Hampshire,Cheshire,America/New_York
03455,Marlborough,New Hampshire,Cheshire,America/New_York
03456,Marlow,New Hampshire,Cheshire,America/New_York
03457,Nelson,New Hampshire,Cheshire,America/New_York
03458,Peterborough,New Hampshire,Hillsborough,America/New_York
03461,Rindge,New Hampshire,Cheshire,America/New_York
03462,Spofford,New Hampshire,Cheshire,America/New_York
03464,Stoddard,New Hampshire,Cheshire,America/New_York
03465,Troy,New Hampshire,Cheshire,America/New_York
03466,West Chesterfield,New Hampshire,Cheshire,America/New_York
03467,Westmoreland,New Hampshire,Cheshire,America/New_York
03470,Winchester,New Hampshire,Cheshire,America/New_York
03561,Littleton,New Hampshire,Grafton,America/New_York
03570,Berlin,New Hampshire,Coos,America/New_York
03574,Bethlehem,New Hampshire,Grafton,America/New_York
03575,Bretton Woods,New Hampshire,Coos,America/New_York
03576,Colebrook,New Hampshire,Coos,America/New_York
03579,Errol,New Hampshire,Oxford,America/New_York
03580,Franconia,New Hampshire,Grafton,America/New_York
03581,Gorham,New Hampshire,Coos,America/New_York
03582,Groveton,New Hampshire,Coos,America/New_York
03583,Jefferson,New Hampshire,Coos,America/New_York
03584,Lancaster,New Hampshire,Coos,America/New_York
03585,Lisbon,New Hampshire,Grafton,America/New_York
03586,Sugar Hill,New Hampshire,Grafton,America/New_York
03588,Milan,New Hampshire,Coos,America/New_York
03590,North Stratford,New Hampshire,Coos,America/New_York
03592,Pittsburg,New Hampshire,Coos,America/New_York
03593,Randolph,New Hampshire,Coos,America/New_York
03595,Twin Mountain,New Hampshire,Coos,America/New_York
03597,West Stewartstown,New Hampshire,Coos,America/New_York
03598,Whitefield,New Hampshire,Coos,America/New_York
03601,Acworth,New Hampshire,Sullivan,America/New_York
03602,Alstead,New Hampshire,Cheshire,America/New_York
03603,Charlestown,New Hampshire,Sullivan,America/New_York
03604,Drewsville,New Hampshire,Cheshire,America/New_York
03605,Lempster,New Hampshire,Sullivan,America/New_York
03607,South Acworth,New Hampshire,Sullivan,America/New_York
03608,Walpole,New Hampshire,Cheshire,America/New_York
03609,North Walpole,New Hampshire,Cheshire,America/New_York
03740,Bath,New Hampshire,Grafton,America/New_York
03741,Canaan,New Hampshire,Grafton,America/New_York
03743,Claremont,New Hampshire,Sullivan,America/New_York
03745,Cornish,New Hampshire,Sullivan,America/New_York
03748,Enfield,New Hampshire,Grafton,America/New_York
03750,Etna,New Hampshire,Grafton,America/New_York
03751,Georges Mills,New Hampshire,Sullivan,America/New_York
03752,Goshen,New Hampshire,Sullivan,America/New_York
03753,Grantham,New Hampshire,Sullivan,America/New_York
03755,Hanover,New Hampshire,Grafton,America/New_York
03765,Haverhill,New Hampshire,Grafton,America/New_York
03766,Lebanon,New Hampshire,Grafton,America/New_York
03768,Lyme,New Hampshire,Grafton,America/New_York
03770,Meriden,New Hampshire,Sullivan,America/New_York
03771,Monroe,New Hampshire,Grafton,America/New_York
03773,Newport,New Hampshire,Sullivan,America/New_York
03774,North Haverhill,New Hampshire,Grafton,America/New_York
03777,Orford,New Hampshire,Grafton,America/New_York
03779,Piermont,New Hampshire,Grafton,America/New_York
03780,Pike,New Hampshire,Grafton,America/New_York
03781,Plainfield,New Hampshire,Sullivan,America/New_York
03782,Sunapee,New Hampshire,Sullivan,America/New_York
03784,West Lebanon,New Hampshire,Grafton,America/New_York
03785,Woodsville,New Hampshire,Grafton,America/New_York
03801,Portsmouth,New Hampshire,Rockingham,America/New_York
03809,Alton,New Hampshire,Belknap,America/New_York
03810,Alton Bay,New Hampshire,Belknap,America/New_York
03811,Atkinson,New Hampshire,Rockingham,America/New_York
03812,Bartlett,New Hampshire,Carroll,America/New_York
03813,Center Conway,New Hampshire,Carroll,America/New_York
03814,Center Ossipee,New Hampshire,Carroll,America/New_York
03816,Center Tuftonboro,New Hampshire,Carroll,America/New_York
03817,Chocorua,New Hampshire,Carroll,America/New_York
03818,Conway,New Hampshire,Carroll,America/New_York
03819,Danville,New Hampshire,Rockingham,America/New_York
03820,Dover,New Hampshire,Strafford,America/New_York
03823,Madbury,New Hampshire,Strafford,America/New_York
03824,Durham,New Hampshire,Strafford,America/New_York
03825,Barrington,New Hampshire,Strafford,America/New_York
03826,East Hampstead,New Hampshire,Rockingham,America/New_York
03827,East Kingston,New Hampshire,Rockingham,America/New_York
03830,East Wakefield,New Hampshire,Carroll,America/New_York
03832,Eaton Center,New Hampshire,Carroll,America/New_York
03833,Exeter,New Hampshire,Rockingham,America/New_York
03835,Farmington,New Hampshire,Strafford,America/New_York
03836,Freedom,New Hampshire,Carroll,America/New_York
03837,Gilmanton Iron Works,New Hampshire,Belknap,America/New_York
03838,Glen,New Hampshire,Carroll,America/New_York
03839,Rochester,New Hampshire,Strafford,America/New_York
03840,Greenland,New Hampshire,Rockingham,America/New_York
03841,Hampstead,New Hampshire,Rockingham,America/New_York
03842,Hampton,New Hampshire,Rockingham,America/New_York
03844,Hampton Falls,New Hampshire,Rockingham,America/New_York
03845,Intervale,New Hampshire,Carroll,America/New_York
03846,Jackson,New Hampshire,Carroll,America/New_York
03847,Kearsarge,New Hampshire,Carroll,America/New_York
03848,Kingston,New Hampshire,Rockingham,America/New_York
03849,Madison,New Hampshire,Carroll,America/New_York
03850,Melvin Village,New Hampshire,Carroll,America/New_York
03851,Milton,New Hampshire,Strafford,America/New_York
03852,Milton Mills,New Hampshire,Strafford,America/New_York
03853,Mirror Lake,New Hampshire,Carroll,America/New_York
03854,New Castle,New Hampshire,Rockingham,America/New_York
03855,New Durham,New Hampshire,Strafford,America/New_York
03856,Newfields,New Hampshire,Rockingham,America/New_York
03857,Newmarket,New Hampshire,Rockingham,America/New_York
03858,Newton,New Hampshire,Rockingham,America/New_York
03860,North Conway,New Hampshire,Carroll,America/New_York
03861,Lee,New Hampshire,Strafford,America/New_York
03862,North Hampton,New Hampshire,Rockingham,America/New_York
03864,Ossipee,New Hampshire,Carroll,America/New_York
03865,Plaistow,New Hampshire,Rockingham,America/New_York
03867,Rochester,New Hampshire,Strafford,America/New_York
03868,Rochester,New Hampshire,Strafford,America/New_York
03869,Rollinsford,New Hampshire,Strafford,America/New_York
03870,Rye,New Hampshire,Rockingham,America/New_York
03871,Rye Beach,New Hampshire,Rockingham,America/New_York
03872,Sanbornville,New Hampshire,Carroll,America/New_York
03873,Sandown,New Hampshire,Rockingham,America/New_York
03874,Seabrook,New Hampshire,Rockingham,America/New_York
03875,Silver Lake,New Hampshire,Carroll,America/New_York
03878,Somersworth,New Hampshire,Strafford,America/New_York
03882,Effingham,New Hampshire,Carroll,America/New_York
03883,South Tamworth,New Hampshire,Carroll,America/New_York
03884,Strafford,New Hampshire,Strafford,America/New_York
03885,Stratham,New Hampshire,Rockingham,America/New_York
03886,Tamworth,New Hampshire,Carroll,America/New_York
